Task Description,Predicted_Class
implement user authentication,backend
optimize server performance,backend
manage database operations,backend
implement user authentication,backend
build a microservice,backend
optimize server performance,backend
optimize server performance,backend
optimize server performance,backend
optimize server performance,backend
develop an api,backend
build a microservice,backend
manage database operations,backend
build a microservice,backend
manage database operations,backend
develop an api,backend
integrate third-party services,backend
optimize server performance,backend
develop an api,backend
build a microservice,backend
build a microservice,backend
manage database operations,backend
develop an api,backend
develop an api,backend
optimize server performance,backend
implement user authentication,backend
optimize server performance,backend
integrate third-party services,backend
implement user authentication,backend
develop an api,backend
develop an api,backend
build a microservice,backend
optimize server performance,backend
develop an api,backend
build a microservice,backend
optimize server performance,backend
integrate third-party services,backend
implement user authentication,backend
manage database operations,backend
integrate third-party services,backend
implement user authentication,backend
build a microservice,backend
build a microservice,backend
develop an api,backend
integrate third-party services,backend
build a microservice,backend
manage database operations,backend
integrate third-party services,backend
develop an api,backend
develop an api,backend
develop an api,backend
develop an api,backend
optimize server performance,backend
integrate third-party services,backend
build a microservice,backend
integrate third-party services,backend
build a microservice,backend
implement user authentication,backend
develop an api,backend
implement user authentication,backend
optimize server performance,backend
build a microservice,backend
optimize server performance,backend
manage database operations,backend
integrate third-party services,backend
integrate third-party services,backend
build a microservice,backend
build a microservice,backend
build a microservice,backend
manage database operations,backend
optimize server performance,backend
optimize server performance,backend
integrate third-party services,backend
optimize server performance,backend
build scalable microservices,backend
integrate third-party services,backend
implement user authentication,backend
manage database operations,backend
manage database operations,backend
integrate third-party services,backend
integrate third-party services,backend
build a microservice,backend
optimize database queries,backend
develop restful apis,backend
integrate third-party services,backend
implement authentication mechanisms,backend
optimize server performance,backend
integrate third-party services,backend
manage database operations,backend
implement user authentication,backend
develop an api,backend
manage database operations,backend
implement user authentication,backend
manage database operations,backend
develop an api,backend
manage database operations,backend
implement user authentication,backend
manage database operations,backend
develop an api,backend
manage database operations,backend
integrate third-party services,backend
implement user authentication,backend
integrate third-party services,backend
develop an api,backend
implement user authentication,backend
implement user authentication,backend
manage database operations,backend
implement user authentication,backend
implement user authentication,backend
optimize server performance,backend
integrate third-party services,backend
manage database operations,backend
build a microservice,backend
create data caching mechanism,backend
integrate external payment gateway,backend
implement authentication and authorization,backend
optimize database queries for performance,backend
develop rest api for user management,backend
implement caching mechanisms,backend
develop authentication system,backend
build a microservice architecture,backend
create restful apis,backend
implement user authentication,backend
manage cloud services on heroku,cloud
migrate services to azure,cloud
deploy app on aws,cloud
migrate services to azure,cloud
implement cloud backup,cloud
migrate services to azure,cloud
implement cloud backup,cloud
set up firebase for app hosting,cloud
deploy app on aws,cloud
manage cloud services on heroku,cloud
deploy app on aws,cloud
migrate services to azure,cloud
implement cloud backup,cloud
manage cloud services on heroku,cloud
configure google cloud storage,cloud
migrate services to azure,cloud
deploy app on aws,cloud
deploy app on aws,cloud
set up firebase for app hosting,cloud
set up firebase for app hosting,cloud
configure google cloud storage,cloud
set up firebase for app hosting,cloud
manage cloud services on heroku,cloud
implement cloud backup,cloud
implement cloud backup,cloud
configure google cloud storage,cloud
set up firebase for app hosting,cloud
manage cloud services on heroku,cloud
configure google cloud storage,cloud
configure google cloud storage,cloud
manage cloud resources,cloud
monitor cloud services,cloud
automate deployment to heroku,cloud
integrate firebase authentication,cloud
deploy application on aws,cloud
build a recommendation engine,ai/ml
visualize data insights,data science
perform statistical analysis,data science
develop machine learning models,ai/ml
data cleaning and preprocessing,data science
monitor and manage database performance,database administration
perform data migration to new schema,database
set up database backup and restore protocols,database
design database schema for user profiles,database
optimize indexing for faster searches,database
manage database backups,database administration
perform database indexing,database administration
configure database replication,database administration
manage database backups,database administration
migrate data to the cloud,database administration
perform database indexing,database administration
design database schema,database administration
manage database backups,database administration
configure database replication,database administration
configure database replication,database administration
perform database indexing,database administration
design database schema,database administration
perform database indexing,database administration
manage database backups,database administration
optimize sql queries,database administration
perform database indexing,database administration
design database schema,database administration
configure database replication,database administration
manage database backups,database administration
configure database replication,database administration
design database schema,database administration
perform database indexing,database administration
manage database backups,database administration
optimize sql queries,database administration
migrate data to the cloud,database administration
design database schema,database administration
migrate data to the cloud,database administration
configure database replication,database administration
migrate data to the cloud,database administration
migrate data to the cloud,database administration
migrate data to the cloud,database administration
optimize sql queries,database administration
manage database backups,database administration
configure database replication,database administration
configure database replication,database administration
migrate data to the cloud,database administration
optimize sql queries,database administration
design database schema,database administration
manage database backups,database administration
optimize sql queries,database administration
perform database indexing,database administration
configure database replication,database administration
optimize sql queries,database administration
optimize sql queries,database administration
optimize sql queries,database administration
design database schema,database administration
optimize sql queries,database administration
optimize sql queries,database administration
design database schema,database administration
migrate data to the cloud,database administration
migrate data to the cloud,database administration
design database schema,database administration
configure database replication,database administration
manage database backups,database administration
perform database indexing,database administration
migrate data to the cloud,database administration
manage database backups,database administration
design database schema,database administration
perform database indexing,database administration
perform database indexing,database administration
set up postgresql cluster,database administration
backup and restore database,database administration
monitor database performance,database administration
implement sharding strategy,database administration
configure aws load balancers,deployment
automate rollback procedures,deployment
deploy app with docker,deployment
automate rollback procedures,deployment
configure aws load balancers,deployment
set up monitoring for production,deployment
set up monitoring for production,deployment
manage kubernetes clusters,deployment
manage kubernetes clusters,deployment
automate rollback procedures,deployment
automate rollback procedures,deployment
ensure continuous deployment,deployment
manage kubernetes clusters,deployment
ensure continuous deployment,deployment
configure aws load balancers,deployment
deploy app with docker,deployment
deploy app with docker,deployment
configure aws load balancers,deployment
ensure continuous deployment,deployment
automate rollback procedures,deployment
deploy app with docker,deployment
configure aws load balancers,deployment
ensure continuous deployment,deployment
deploy app with docker,deployment
configure aws load balancers,deployment
set up monitoring for production,deployment
manage kubernetes clusters,deployment
configure aws load balancers,deployment
set up monitoring for production,deployment
set up monitoring for production,deployment
set up monitoring for production,deployment
ensure continuous deployment,deployment
automate rollback procedures,deployment
manage kubernetes clusters,deployment
ensure continuous deployment,deployment
configure aws load balancers,deployment
automate rollback procedures,deployment
deploy app with docker,deployment
configure aws load balancers,deployment
ensure continuous deployment,deployment
deploy app with docker,deployment
set up monitoring for production,deployment
deploy app with docker,deployment
deploy app with docker,deployment
set up monitoring for production,deployment
configure aws load balancers,deployment
manage kubernetes clusters,deployment
ensure continuous deployment,deployment
ensure continuous deployment,deployment
manage kubernetes clusters,deployment
automate rollback procedures,deployment
automate rollback procedures,deployment
automate rollback procedures,deployment
set up monitoring for production,deployment
automate rollback procedures,deployment
set up monitoring for production,deployment
deploy app with docker,deployment
manage kubernetes clusters,deployment
manage kubernetes clusters,deployment
ensure continuous deployment,deployment
deploy app with docker,deployment
manage kubernetes clusters,deployment
configure aws load balancers,deployment
ensure continuous deployment,deployment
set up monitoring for production,deployment
manage kubernetes clusters,deployment
configure ci for testing,deployment
deploy on kubernetes cluster,deployment
deploy with zero downtime,deployment
set up continuous deployment,deployment
automate deployment using docker,deployment
automate infrastructure provisioning,devops
set up ci/cd pipeline,devops
configure docker containers,devops
set up ci/cd pipeline,devops
implement server automation,devops
configure load balancer,deployment
monitor system logs,devops
set up ci/cd pipeline,devops
manage infrastructure with terraform,devops
manage infrastructure with terraform,devops
automate deployment process,devops
manage infrastructure with terraform,devops
set up ci/cd pipeline,devops
automate deployment process,devops
set up kubernetes clusters,devops
manage infrastructure with terraform,devops
manage infrastructure with terraform,devops
set up ci/cd pipeline,devops
set up kubernetes clusters,devops
monitor server health,devops
monitor server health,devops
configure docker containers,devops
monitor server health,devops
monitor server health,devops
configure docker containers,devops
automate deployment process,devops
automate ci/cd pipeline,devops
set up kubernetes clusters,devops
implement container orchestration,devops
monitor system logs and alerts,devops
ensure high availability of applications,devops
monitor server health,devops
set up ci/cd pipeline,devops
automate deployment process,devops
manage cloud infrastructure,devops
set up ci/cd pipeline,devops
configure docker containers,devops
automate deployment process,devops
set up kubernetes clusters,devops
manage infrastructure with terraform,devops
automate deployment process,devops
monitor server health,devops
configure docker containers,devops
automate deployment process,devops
set up kubernetes clusters,devops
set up kubernetes clusters,devops
configure docker containers,devops
configure docker containers,devops
configure docker containers,devops
set up ci/cd pipeline,devops
manage infrastructure with terraform,devops
configure docker containers,devops
manage infrastructure with terraform,devops
configure docker containers,devops
monitor server health,devops
set up ci/cd pipeline,devops
monitor server health,devops
set up kubernetes clusters,devops
set up kubernetes clusters,devops
manage infrastructure with terraform,devops
set up kubernetes clusters,devops
automate deployment process,devops
automate deployment process,devops
set up ci/cd pipeline,devops
monitor server health,devops
automate deployment process,devops
monitor server health,devops
manage infrastructure with terraform,devops
set up kubernetes clusters,devops
manage cloud infrastructure,devops
implement ci/cd workflows,devops
monitor server health,devops
automate deployment pipelines,devops
containerize applications,devops
create user manuals,documentation
maintain project wiki,documentation
create user manuals,documentation
write release notes,documentation
document code for open-source project,documentation
maintain project wiki,documentation
document code for open-source project,documentation
create user manuals,documentation
maintain project wiki,documentation
prepare technical guides,documentation
maintain project wiki,documentation
maintain project wiki,documentation
write release notes,documentation
write api documentation,documentation
prepare technical guides,documentation
create user manuals,documentation
write release notes,documentation
maintain project wiki,documentation
create user manuals,documentation
write api documentation,documentation
prepare technical guides,documentation
write release notes,documentation
prepare technical guides,documentation
prepare technical guides,documentation
document code for open-source project,documentation
maintain project wiki,documentation
document code for open-source project,documentation
write api documentation,documentation
document code for open-source project,documentation
create user manuals,documentation
prepare technical guides,documentation
document code for open-source project,documentation
create user manuals,documentation
document code for open-source project,documentation
write release notes,documentation
write api documentation,documentation
write release notes,documentation
write release notes,documentation
write api documentation,documentation
prepare technical guides,documentation
write api documentation,documentation
document api endpoints,documentation
document code for open-source project,documentation
maintain project wiki,documentation
write release notes,documentation
write api documentation,documentation
write api documentation,documentation
prepare technical guides,documentation
create user manuals,documentation
prepare project documentation,documentation
create uml diagrams,documentation
write detailed installation guide,documentation
write technical user manuals,documentation
implement a landing page,frontend
improve website accessibility,frontend
create a responsive website,frontend
implement a landing page,frontend
develop a mobile-first ui,frontend
develop a mobile-first ui,frontend
improve website accessibility,frontend
improve website accessibility,frontend
improve website accessibility,frontend
create a responsive website,frontend
implement a landing page,frontend
create a responsive website,frontend
implement a landing page,frontend
implement a landing page,frontend
optimize web performance,frontend
optimize web performance,frontend
create a responsive website,frontend
improve website accessibility,frontend
optimize web performance,frontend
implement a landing page,frontend
create a responsive website,frontend
design a user-friendly interface,frontend
develop a mobile-first ui,frontend
optimize web performance,frontend
implement a landing page,frontend
improve website accessibility,frontend
implement a landing page,frontend
improve website accessibility,frontend
improve website accessibility,frontend
create a responsive website,frontend
improve website accessibility,frontend
implement a landing page,frontend
optimize web performance,frontend
improve website accessibility,frontend
optimize web performance,frontend
create a responsive website,frontend
develop a mobile-first ui,frontend
design a user-friendly interface,frontend
improve website accessibility,frontend
implement a landing page,frontend
optimize web performance,frontend
design a user-friendly interface,frontend
develop a mobile-first ui,frontend
design a user-friendly interface,frontend
optimize web performance,frontend
optimize web performance,frontend
improve website accessibility,frontend
design a user-friendly interface,frontend
design a user-friendly interface,frontend
design a user-friendly interface,frontend
optimize web performance,frontend
improve website accessibility,frontend
create a responsive website,frontend
implement a landing page,frontend
improve website accessibility,frontend
design a user-friendly interface,frontend
develop a mobile-first ui,frontend
improve website accessibility,frontend
optimize web performance,frontend
implement a landing page,frontend
optimize web performance,frontend
create a responsive website,frontend
design a user-friendly interface,frontend
develop a mobile-first ui,frontend
optimize web performance,frontend
design a user-friendly interface,frontend
improve website accessibility,frontend
develop a mobile-first ui,frontend
create a responsive website,frontend
optimize web performance,frontend
create a responsive website,frontend
design a user-friendly interface,frontend
optimize web performance,frontend
create a responsive website,frontend
develop a mobile-first ui,frontend
design a user-friendly interface,frontend
implement a landing page,frontend
improve website accessibility,frontend
design a user-friendly interface,frontend
implement a landing page,frontend
develop a mobile-first ui,frontend
optimize web performance,frontend
design a user-friendly interface,frontend
create a responsive website,frontend
develop a mobile-first ui,frontend
implement a landing page,frontend
develop a mobile-first ui,frontend
design a user-friendly interface,frontend
develop a mobile-first ui,frontend
design a user-friendly interface,frontend
create a responsive website,frontend
create a responsive website,frontend
develop a mobile-first ui,frontend
create a responsive website,frontend
develop a mobile-first ui,frontend
create a responsive website,frontend
implement a landing page,frontend
design a user-friendly interface,frontend
implement a landing page,frontend
optimize web performance,frontend
develop a mobile-first ui,frontend
develop a mobile-first ui,frontend
optimize website for seo,frontend
build interactive forms,frontend
create a dynamic dashboard,frontend
design a landing page,frontend
implement responsive design,frontend
implement accessibility standards,frontend
add animations to improve ux,frontend
create reusable ui components,frontend
implement dark mode theme,frontend
optimize website loading speed,frontend
assign tasks to team members,project management
facilitate daily standup meetings,project management
manage agile workflows,project management
facilitate team communication,project management
coordinate with team using jira,project management
facilitate daily standup meetings,project management
define project scope and deliverables,project management
plan project sprints,project management
assign tasks to team members,project management
coordinate with team using jira,project management
assign tasks to team members,project management
monitor project progress,project management
assign tasks to team members,project management
risk assessment and management,project management
facilitate daily standup meetings,project management
assign tasks to team members,project management
facilitate daily standup meetings,project management
track project progress,project management
facilitate daily standup meetings,project management
coordinate with team using jira,project management
assign tasks to team members,project management
manage agile workflows,project management
assign tasks to team members,project management
track project progress,project management
manage agile workflows,project management
manage agile workflows,project management
allocate resources effectively,project management
plan project sprints,project management
plan project sprints,project management
plan project sprints,project management
facilitate daily standup meetings,project management
coordinate with team using jira,project management
coordinate with team using jira,project management
manage agile workflows,project management
track project progress,project management
track project progress,project management
plan project sprints,project management
manage agile workflows,project management
manage agile workflows,project management
coordinate with team using jira,project management
track project progress,project management
facilitate daily standup meetings,project management
plan project sprints,project management
coordinate with team using jira,project management
assign tasks to team members,project management
plan project sprints,project management
track project progress,project management
track project progress,project management
facilitate daily standup meetings,project management
plan project sprints,project management
manage agile workflows,project management
coordinate with team using jira,project management
track project progress,project management
organize daily stand-ups,project management
plan project milestones,project management
track team progress,project management
manage agile sprints,project management
collaborate on version control,project management
create test cases for api,testing
automate integration tests,testing
perform load testing,testing
run performance tests,testing
write unit tests,testing
set up selenium for browser tests,testing
perform load testing,testing
create test cases for api,testing
run performance tests,testing
create test cases for api,testing
automate integration tests,testing
set up selenium for browser tests,testing
create test cases for api,testing
write unit tests,testing
write unit tests,testing
perform load testing,testing
run performance tests,testing
write unit tests,testing
set up selenium for browser tests,testing
write unit tests,testing
run performance tests,testing
automate integration tests,testing
set up selenium for browser tests,testing
automate integration tests,testing
run performance tests,testing
create test cases for api,testing
perform load testing,testing
run performance tests,testing
perform load testing,testing
automate integration tests,testing
perform load testing,testing
create test cases for api,testing
run performance tests,testing
set up selenium for browser tests,testing
set up selenium for browser tests,testing
write unit tests,testing
run performance tests,testing
set up selenium for browser tests,testing
create test cases for api,testing
automate integration tests,testing
write unit tests,testing
perform load testing,testing
write unit tests,testing
perform load testing,testing
set up selenium for browser tests,testing
create test cases for api,testing
automate integration tests,testing
automate integration tests,testing
automate ui testing,testing
perform end-to-end testing,testing
test frontend components,testing
write unit tests for apis,testing
write integration tests,testing
conduct performance testing,testing
create automated test cases,testing
perform security testing,testing
develop unit tests,testing
set up continuous integration for testing,testing
conduct user research,ui/ux design
design for accessibility,ui/ux design
develop interactive designs,ui/ux design
create wireframes and prototypes,ui/ux design
implement user feedback,ui/ux design
train model for image recognition,ai/ml
set up data pipeline for ml model training,ai/ml
deploy model for real-time predictions,ai/ml
implement sentiment analysis for feedback,ai/ml
build predictive model for user behavior,ai/ml
develop chatbot for customer support,ai/ml
create recommendation engine for products,ai/ml
build a time series forecasting model,ai/ml
implement face detection feature,ai/ml
conduct model drift analysis,ai/ml
build neural network for image classification,ai/ml
implement natural language processing for text analysis,ai/ml
perform hyperparameter tuning,ai/ml
design a convolutional neural network for object detection,ai/ml
conduct feature selection for a large dataset,ai/ml
automate data augmentation for training images,ai/ml
develop text generation model,ai/ml
implement audio processing for speech recognition,ai/ml
create personalized ad targeting model,ai/ml
build a generative adversarial network (gan),ai/ml
train a language translation model,ai/ml
implement reinforcement learning for game ai,ai/ml
develop fraud detection system,ai/ml
set up ml experiment tracking,ai/ml
build text summarization model,ai/ml
develop stock price prediction model,ai/ml
implement transfer learning for image classification,ai/ml
train model for image segmentation,ai/ml
deploy ml model on mobile device,ai/ml
conduct sentiment analysis for tweets,ai/ml
train object detection model on custom dataset,ai/ml
set up data labeling workflow for supervised learning,ai/ml
conduct clustering analysis for market segmentation,ai/ml
implement recommendation system using collaborative filtering,ai/ml
build speech-to-text model for voice commands,ai/ml
design and deploy a model for personalized search,ai/ml
perform real-time anomaly detection on iot data,ai/ml
implement named entity recognition (ner),ai/ml
develop a chatbot with emotion detection,ai/ml
set up end-to-end ml pipeline in production,ai/ml
conduct ocr for scanned document processing,ai/ml
build predictive maintenance model for machinery,ai/ml
implement topic modeling for text documents,ai/ml
train multi-label classification model,ai/ml
develop ml model for credit scoring,ai/ml
set up real-time recommendations on streaming data,ai/ml
perform dimensionality reduction for high-dimensional data,ai/ml
build facial recognition model,ai/ml
design adversarial examples for model testing,ai/ml
implement automated machine learning (automl),ai/ml
conduct semantic similarity analysis,ai/ml
build human pose estimation model,ai/ml
train text classification model,ai/ml
develop image colorization model,ai/ml
implement regression model for sales prediction,ai/ml
set up image data annotation for computer vision,ai/ml
conduct social network analysis,ai/ml
implement deep reinforcement learning for robotic control,ai/ml
train time series model for demand forecasting,ai/ml
build recommendation model with deep learning,ai/ml
conduct exploratory data analysis for ml project,ai/ml
implement document similarity for plagiarism detection,ai/ml
build image classifier for animal species detection,ai/ml
set up fraud detection system using anomaly detection,ai/ml
develop audio sentiment analysis system,ai/ml
implement predictive text input system,ai/ml
build ai-powered resume screening tool,ai/ml
train entity linking model for knowledge graph,ai/ml
implement style transfer for images,ai/ml
develop deepfake detection model,ai/ml
create speech synthesis model,ai/ml
implement product categorization model,ai/ml
train image captioning model,ai/ml
conduct feature engineering for predictive model,ai/ml
build object tracking model for video analysis,ai/ml
implement voice cloning model,ai/ml
develop real-time video analytics for surveillance,ai/ml
create anomaly detection for cybersecurity logs,ai/ml
conduct time series anomaly detection,ai/ml
implement text sentiment analysis for product reviews,ai/ml
train model for autonomous driving,ai/ml
set up customer churn prediction model,ai/ml
implement key phrase extraction from text,ai/ml
develop ai model for medical diagnosis,ai/ml
conduct real-time text translation,ai/ml
train model for text-to-image generation,ai/ml
implement zero-shot learning model,ai/ml
conduct multilingual sentiment analysis,ai/ml
build attention-based sequence model,ai/ml
train model for entity recognition in healthcare,ai/ml
develop ai-based handwriting recognition system,ai/ml
implement personality prediction from social media,ai/ml
build automated customer service with nlp,ai/ml
create trend prediction model for fashion,ai/ml
implement deepfake video generator,ai/ml
train real-time face authentication model,ai/ml
conduct automated product tagging for e-commerce,ai/ml
develop sentiment analysis model for movie reviews,ai/ml
build personalized learning recommendation model,ai/ml
implement document retrieval model for search engines,ai/ml
conduct predictive analytics for insurance claims,ai/ml
set up reinforcement learning for stock trading,ai/ml
build model for detecting diabetic retinopathy in images,ai/ml
implement real-time object detection on video streams,ai/ml
set up facial emotion recognition system,ai/ml
develop real-time weather forecasting model,ai/ml
train conversational ai for mental health support,ai/ml
conduct behavior analysis in retail environments,ai/ml
build emotion-based music recommendation system,ai/ml
develop personalized ad recommendation based on browsing data,ai/ml
set up real-time object tracking in sports videos,ai/ml
implement emotion recognition from audio samples,ai/ml
develop image super-resolution using deep learning,ai/ml
build automated scoring system for quizzes,ai/ml
implement model for fraudulent credit card transaction detection,ai/ml
set up real-time translation for multilingual customer support,ai/ml
train model for gesture recognition,ai/ml
conduct audio sentiment analysis using speech patterns,ai/ml
develop recommendation system based on user ratings,ai/ml
implement noise reduction in audio files,ai/ml
build language model for poetry generation,ai/ml
conduct disease prediction model for healthcare,ai/ml
train model for image recognition,ai/ml
set up data pipeline for ml model training,ai/ml
deploy model for real-time predictions,ai/ml
implement sentiment analysis for feedback,ai/ml
build predictive model for user behavior,ai/ml
